image_url,products_id
https://t1.daumcdn.net/friends/prod/product/20200410182446685_8809681708128_AW_00_(1).jpg,1
https://t1.daumcdn.net/friends/prod/product/20200410182446818_8809681708128_AW_01_(1).jpg,1
https://t1.daumcdn.net/friends/prod/product/20200410182446972_8809681708128_AW_02_(1).jpg,1
https://t1.daumcdn.net/friends/prod/product/20200410181649789_8809681708135_AW_00.jpg,2
https://t1.daumcdn.net/friends/prod/product/20200410181649840_8809681708135_AW_01.jpg,2
https://t1.daumcdn.net/friends/prod/product/20200410181649901_8809681708135_AW_02.jpg,2
https://t1.daumcdn.net/friends/prod/product/20200410181422865_8809681708142_AW_00.jpg,3
https://t1.daumcdn.net/friends/prod/product/20200410181422945_8809681708142_AW_01.jpg,3
https://t1.daumcdn.net/friends/prod/product/20200410181423080_8809681708142_AW_02.jpg,3
https://t1.daumcdn.net/friends/prod/product/20200410181211982_8809681708159_AW_00.jpg,4
https://t1.daumcdn.net/friends/prod/product/20200410181212024_8809681708159_AW_01.jpg,4
https://t1.daumcdn.net/friends/prod/product/20200410181212175_8809681708159_AW_02.jpg,4
https://t1.daumcdn.net/friends/prod/product/20200410180513548_8809681708166_AW_00.jpg,5
https://t1.daumcdn.net/friends/prod/product/20200410180513595_8809681708166_AW_01.jpg,5
https://t1.daumcdn.net/friends/prod/product/20200410180513732_8809681708166_AW_02.jpg,5
https://t1.daumcdn.net/friends/prod/product/20200410175800339_8809681708173_AW_00.jpg,6
https://t1.daumcdn.net/friends/prod/product/20200410175800372_8809681708173_AW_01.jpg,6
https://t1.daumcdn.net/friends/prod/product/20200410175800426_8809681708173_AW_02.jpg,6
https://t1.daumcdn.net/friends/prod/product/20200410175436355_8809681708180_AW_00.jpg,7
https://t1.daumcdn.net/friends/prod/product/20200410175436391_8809681708180_AW_01.jpg,7
https://t1.daumcdn.net/friends/prod/product/20200410175436430_8809681708180_AW_02.jpg,7
https://t1.daumcdn.net/friends/prod/product/20200410175215616_8809681708197_AW_00.jpg,8
https://t1.daumcdn.net/friends/prod/product/20200410175216160_8809681708197_AW_01.jpg,8
https://t1.daumcdn.net/friends/prod/product/20200410175216247_8809681708197_AW_02.jpg,8
https://t1.daumcdn.net/friends/prod/product/20200410174926902_8809681708203_AW_00.jpg,9
https://t1.daumcdn.net/friends/prod/product/20200410174927065_8809681708203_AW_01.jpg,9
https://t1.daumcdn.net/friends/prod/product/20200410174927101_8809681708203_AW_02.jpg,9
https://t1.daumcdn.net/friends/prod/product/20200331165305823_8809681706797_AW_00.jpg,10
https://t1.daumcdn.net/friends/prod/product/20200331165305865_8809681706797_AW_01.jpg,10
https://t1.daumcdn.net/friends/prod/product/20200331165305899_8809681706797_AW_02.jpg,10
https://t1.daumcdn.net/friends/prod/product/20200331165346389_8809681706803_AW_00.jpg,11
https://t1.daumcdn.net/friends/prod/product/20200331165346432_8809681706803_AW_01.jpg,11
https://t1.daumcdn.net/friends/prod/product/20200331165346478_8809681706803_AW_02.jpg,11
https://t1.daumcdn.net/friends/prod/product/20200331171606264_8809681706810_AW_00.jpg,12
https://t1.daumcdn.net/friends/prod/product/20200331171606416_8809681706810_AW_01.jpg,12
https://t1.daumcdn.net/friends/prod/product/20200331171606470_8809681706810_AW_02.jpg,12
https://t1.daumcdn.net/friends/prod/product/20200212182633078_8809681705769_AW_00.jpg,13
https://t1.daumcdn.net/friends/prod/product/20200212182633132_8809681705769_AW_01.jpg,13
https://t1.daumcdn.net/friends/prod/product/20200212182633386_8809681705769_AW_02.jpg,13
https://t1.daumcdn.net/friends/prod/product/20200212183142373_8809681705752_AW_00.jpg,14
https://t1.daumcdn.net/friends/prod/product/20200212183142568_8809681705752_AW_01.jpg,14
https://t1.daumcdn.net/friends/prod/product/20200212183142712_8809681705752_AW_02.jpg,14
https://t1.daumcdn.net/friends/prod/product/20200212183501310_8809681705745_AW_00.jpg,15
https://t1.daumcdn.net/friends/prod/product/20200212183501353_8809681705745_AW_01.jpg,15
https://t1.daumcdn.net/friends/prod/product/20200212183501384_8809681705745_AW_02.jpg,15
https://t1.daumcdn.net/friends/prod/product/20200212183726289_8809681705738_AW_00.jpg,16
https://t1.daumcdn.net/friends/prod/product/20200212183726338_8809681705738_AW_01.jpg,16
https://t1.daumcdn.net/friends/prod/product/20200212183726381_8809681705738_AW_02.jpg,16
https://t1.daumcdn.net/friends/prod/product/20200121171356145_8809681704632_AW_00.jpg,17
https://t1.daumcdn.net/friends/prod/product/20200121171356258_8809681704632_AW_01.jpg,17
https://t1.daumcdn.net/friends/prod/product/20200121171356402_8809681704632_AW_02.jpg,17
https://t1.daumcdn.net/friends/prod/product/20200121171329061_8809681704649_AW_00.jpg,18
https://t1.daumcdn.net/friends/prod/product/20200121171329102_8809681704649_AW_01.jpg,18
https://t1.daumcdn.net/friends/prod/product/20200121171329167_8809681704649_AW_02.jpg,18
https://t1.daumcdn.net/friends/prod/product/20200129122315337_8809681706902_AW_00.jpg,19
https://t1.daumcdn.net/friends/prod/product/20200129122315481_8809681706902_AW_01.jpg,19
https://t1.daumcdn.net/friends/prod/product/20200129122315514_8809681706902_AW_02.jpg,19
https://t1.daumcdn.net/friends/prod/product/20191227143706951_8809681705059_AW_00.jpg,20
https://t1.daumcdn.net/friends/prod/product/20191227143706994_8809681705059_AW_01.jpg,20
https://t1.daumcdn.net/friends/prod/product/20191227143707030_8809681705059_AW_02.jpg,20
https://t1.daumcdn.net/friends/prod/product/20191227143639445_8809681705066_AW_00.jpg,21
https://t1.daumcdn.net/friends/prod/product/20191227143639492_8809681705066_AW_01.jpg,21
https://t1.daumcdn.net/friends/prod/product/20191227143639557_8809681705066_AW_02.jpg,21
https://t1.daumcdn.net/friends/prod/product/20191114114551817_8809681704137_AW_00.jpg,22
https://t1.daumcdn.net/friends/prod/product/20191114114551890_8809681704137_AW_01.jpg,22
https://t1.daumcdn.net/friends/prod/product/20191114114551939_8809681704137_AW_02.jpg,22
https://t1.daumcdn.net/friends/prod/product/20191114114138745_8809681704144_AW_00.jpg,23
https://t1.daumcdn.net/friends/prod/product/20191114114138820_8809681704144_AW_01.jpg,23
https://t1.daumcdn.net/friends/prod/product/20191114114138879_8809681704144_AW_02.jpg,23
https://t1.daumcdn.net/friends/prod/product/20191114111706714_8809681704168_AW_00.jpg,24
https://t1.daumcdn.net/friends/prod/product/20191114111706869_8809681704168_AW_01.jpg,24
https://t1.daumcdn.net/friends/prod/product/20191114111707074_8809681704168_AW_02.jpg,24
https://t1.daumcdn.net/friends/prod/product/20191114110518010_8809681704175_AW_00.jpg,25
https://t1.daumcdn.net/friends/prod/product/20191114110518247_8809681704175_AW_01.jpg,25
https://t1.daumcdn.net/friends/prod/product/20191114110518309_8809681704175_AW_02.jpg,25
https://t1.daumcdn.net/friends/prod/product/20191024152330867_8809641469168_AW_00.jpg,26
https://t1.daumcdn.net/friends/prod/product/20191024152330914_8809641469168_AW_01.jpg,26
https://t1.daumcdn.net/friends/prod/product/20191024152330952_8809641469168_AW_02.jpg,26
https://t1.daumcdn.net/friends/prod/product/20191024152224846_8809641469175_AW_00.jpg,27
https://t1.daumcdn.net/friends/prod/product/20191024152224891_8809641469175_AW_01.jpg,27
https://t1.daumcdn.net/friends/prod/product/20191024152224942_8809641469175_AW_02.jpg,27
https://t1.daumcdn.net/friends/prod/product/20191024152025934_8809641469182_AW_00.jpg,28
https://t1.daumcdn.net/friends/prod/product/20191024152026031_8809641469182_AW_01.jpg,28
https://t1.daumcdn.net/friends/prod/product/20191024152026244_8809641469182_AW_02.jpg,28
https://t1.daumcdn.net/friends/prod/product/20191024151944706_8809641469199_AW_00.jpg,29
https://t1.daumcdn.net/friends/prod/product/20191024151944864_8809641469199_AW_01.jpg,29
https://t1.daumcdn.net/friends/prod/product/20191024151945056_8809641469199_AW_02.jpg,29
https://t1.daumcdn.net/friends/prod/product/20191024151859817_8809641469205_AW_00.jpg,30
https://t1.daumcdn.net/friends/prod/product/20191024151859874_8809641469205_AW_01.jpg,30
https://t1.daumcdn.net/friends/prod/product/20191024151900023_8809641469205_AW_02.jpg,30
https://t1.daumcdn.net/friends/prod/product/20191024151822388_8809681702133_AW_00.jpg,31
https://t1.daumcdn.net/friends/prod/product/20191024151822440_8809681702133_AW_01.jpg,31
https://t1.daumcdn.net/friends/prod/product/20191024151822485_8809681702133_AW_02.jpg,31
https://t1.daumcdn.net/friends/prod/product/20191024110140185_8809681703994_AW_00.jpg,32
https://t1.daumcdn.net/friends/prod/product/20191024110140402_8809681703994_AW_01.jpg,32
https://t1.daumcdn.net/friends/prod/product/20191024110140504_8809681703994_AW_02.jpg,32
https://t1.daumcdn.net/friends/prod/product/20191024110039639_8809681704007_AW_00.jpg,33
https://t1.daumcdn.net/friends/prod/product/20191024110039712_8809681704007_AW_01.jpg,33
https://t1.daumcdn.net/friends/prod/product/20191024110039751_8809681704007_AW_02.jpg,33
https://t1.daumcdn.net/friends/prod/product/20191024110006305_8809681704014_AW_00.jpg,34
https://t1.daumcdn.net/friends/prod/product/20191024110006361_8809681704014_AW_01.jpg,34
https://t1.daumcdn.net/friends/prod/product/20191024110006460_8809681704014_AW_02.jpg,34
https://t1.daumcdn.net/friends/prod/product/20191021143637673_8809681703192_AW_00.jpg,35
https://t1.daumcdn.net/friends/prod/product/20191021143637890_8809681703192_AW_01.jpg,35
https://t1.daumcdn.net/friends/prod/product/20191021143637968_8809681703192_AW_02.jpg,35
https://t1.daumcdn.net/friends/prod/product/20191021143648743_8809681703208_AW_00.jpg,36
https://t1.daumcdn.net/friends/prod/product/20191021143649024_8809681703208_AW_01.jpg,36
https://t1.daumcdn.net/friends/prod/product/20191021143649195_8809681703208_AW_02.jpg,36
https://t1.daumcdn.net/friends/prod/product/20191021143659534_8809681703215_AW_00.jpg,37
https://t1.daumcdn.net/friends/prod/product/20191021143659821_8809681703215_AW_01.jpg,37
https://t1.daumcdn.net/friends/prod/product/20191021143700008_8809681703215_AW_02.jpg,37
https://t1.daumcdn.net/friends/prod/product/20191016182057861_8809681703260_AW_00.jpg,38
https://t1.daumcdn.net/friends/prod/product/20191016180153743_8809681703260_AW_01.jpg,38
https://t1.daumcdn.net/friends/prod/product/20191016180153853_8809681703260_AW_02.jpg,38
https://t1.daumcdn.net/friends/prod/product/20191016182106944_8809681703277_AW_00.jpg,39
https://t1.daumcdn.net/friends/prod/product/20191016180123499_8809681703277_AW_01.jpg,39
https://t1.daumcdn.net/friends/prod/product/20191016180123641_8809681703277_AW_02.jpg,39
https://t1.daumcdn.net/friends/prod/product/20191016182117074_8809681703284_AW_00.jpg,40
https://t1.daumcdn.net/friends/prod/product/20191016180047400_8809681703284_AW_01.jpg,40
https://t1.daumcdn.net/friends/prod/product/20191016180047466_8809681703284_AW_02.jpg,40
https://t1.daumcdn.net/friends/prod/product/20191016182126793_8809681703291_AW_00.jpg,41
https://t1.daumcdn.net/friends/prod/product/20191016180015670_8809681703291_AW_01.jpg,41
https://t1.daumcdn.net/friends/prod/product/20191016180015705_8809681703291_AW_02.jpg,41
https://t1.daumcdn.net/friends/prod/product/20191204140127156_8809681700481_BW_00.jpg,42
https://t1.daumcdn.net/friends/prod/product/20191204140127197_8809681700481_BW_01.jpg,42
https://t1.daumcdn.net/friends/prod/product/20191204140127244_8809681700481_BW_02.jpg,42
https://t1.daumcdn.net/friends/prod/product/20190903224414474_8809681700498_AW_00.jpg,43
https://t1.daumcdn.net/friends/prod/product/20190920110312690_8809681700498_AW_02.jpg,43
https://t1.daumcdn.net/friends/prod/product/20190920110312927_8809681700498_AW_01.jpg,43
https://t1.daumcdn.net/friends/prod/product/8809641463487_thum_01.jpg,44
https://t1.daumcdn.net/friends/prod/product/8809641463487_thum_02.jpg,44
https://t1.daumcdn.net/friends/prod/product/20190925152024736_8809656136574_AW_00.jpg,45
https://t1.daumcdn.net/friends/prod/product/20190925152024901_8809656136574_AW_01.jpg,45
https://t1.daumcdn.net/friends/prod/product/20190925152025016_8809656136574_AW_02.jpg,45
https://t1.daumcdn.net/friends/prod/product/20190925152037399_8809656136581_AW_00.jpg,46
https://t1.daumcdn.net/friends/prod/product/20190925152037507_8809656136581_AW_01.jpg,46
https://t1.daumcdn.net/friends/prod/product/20190925152037632_8809656136581_AW_02.jpg,46
https://t1.daumcdn.net/friends/prod/product/20190925152047799_8809656136611_AW_00.jpg,47
https://t1.daumcdn.net/friends/prod/product/20190925152047986_8809656136611_AW_01.jpg,47
https://t1.daumcdn.net/friends/prod/product/20190925152048089_8809656136611_AW_02.jpg,47
https://t1.daumcdn.net/friends/prod/product/20190925152057770_8809656136628_AW_00.jpg,48
https://t1.daumcdn.net/friends/prod/product/20190925152058098_8809656136628_AW_01.jpg,48
https://t1.daumcdn.net/friends/prod/product/20190925152058239_8809656136628_AW_02.jpg,48
https://t1.daumcdn.net/friends/prod/product/20190925152108619_8809656136598_AW_00.jpg,49
https://t1.daumcdn.net/friends/prod/product/20190925152108802_8809656136598_AW_01.jpg,49
https://t1.daumcdn.net/friends/prod/product/20190925152109032_8809656136598_AW_02.jpg,49
https://t1.daumcdn.net/friends/prod/product/20190925152118249_8809656136604_AW_00.jpg,50
https://t1.daumcdn.net/friends/prod/product/20190925152118635_8809656136604_AW_01.jpg,50
https://t1.daumcdn.net/friends/prod/product/20190925152119081_8809656136604_AW_02.jpg,50
https://t1.daumcdn.net/friends/prod/product/20190925152129584_8809656136635_AW_00.jpg,51
https://t1.daumcdn.net/friends/prod/product/20190925152129897_8809656136635_AW_01.jpg,51
https://t1.daumcdn.net/friends/prod/product/20190925152130095_8809656136635_AW_02.jpg,51
https://t1.daumcdn.net/friends/prod/product/20190925145215952_8809656137243_AW_00.jpg,52
https://t1.daumcdn.net/friends/prod/product/20190925145216259_8809656137243_AW_01.jpg,52
https://t1.daumcdn.net/friends/prod/product/20190925145216352_8809656137243_AW_02.jpg,52
https://t1.daumcdn.net/friends/prod/product/20190925145455809_8809656137250_AW_00.jpg,53
https://t1.daumcdn.net/friends/prod/product/20190925145456116_8809656137250_AW_01.jpg,53
https://t1.daumcdn.net/friends/prod/product/20190925145456243_8809656137250_AW_02.jpg,53
https://t1.daumcdn.net/friends/prod/product/20191030155342361_8809641468871_AW_00.jpg,54
https://t1.daumcdn.net/friends/prod/product/20191030155342547_8809641468871_AW_01.jpg,54
https://t1.daumcdn.net/friends/prod/product/20191030155342687_8809641468871_AW_02.jpg,54
https://t1.daumcdn.net/friends/prod/product/8809656137830_AW_00.jpg,55
https://t1.daumcdn.net/friends/prod/product/8809656137830_AW_01.jpg,55
https://t1.daumcdn.net/friends/prod/product/8809656137830_AW_02.jpg,55
https://t1.daumcdn.net/friends/prod/product/8809641462138_AW_00.jpg,56
https://t1.daumcdn.net/friends/prod/product/8809641462138_AW_01.jpg,56
https://t1.daumcdn.net/friends/prod/product/8809641462138_AW_02.jpg,56
https://t1.daumcdn.net/friends/prod/product/8809641462145_AW_00.jpg,57
https://t1.daumcdn.net/friends/prod/product/8809641462145_AW_01.jpg,57
https://t1.daumcdn.net/friends/prod/product/8809641462145_AW_02.jpg,57
https://t1.daumcdn.net/friends/prod/product/8809641462152_AW_00.jpg,58
https://t1.daumcdn.net/friends/prod/product/8809641462152_AW_01.jpg,58
https://t1.daumcdn.net/friends/prod/product/8809641462152_AW_02.jpg,58
https://t1.daumcdn.net/friends/prod/product/8809641462169_AW_00.jpg,59
https://t1.daumcdn.net/friends/prod/product/8809641462169_AW_01.jpg,59
https://t1.daumcdn.net/friends/prod/product/8809641462169_AW_02.jpg,59
https://t1.daumcdn.net/friends/prod/product/8809641462176_AW_00.jpg,60
https://t1.daumcdn.net/friends/prod/product/8809641462176_AW_01.jpg,60
https://t1.daumcdn.net/friends/prod/product/8809641462176_AW_02.jpg,60
https://t1.daumcdn.net/friends/prod/product/20191129113032978_FRPBAPMFM0006_AW_00.jpg,61
https://t1.daumcdn.net/friends/prod/product/20191129113033026_FRPBAPMFM0006_AW_01.jpg,61
https://t1.daumcdn.net/friends/prod/product/20191129113033081_FRPBAPMFM0006_AW_02.jpg,61
https://t1.daumcdn.net/friends/prod/product/20191129113012582_FRPBMZMFM0007_AW_00.jpg,62
https://t1.daumcdn.net/friends/prod/product/20191129113012724_FRPBMZMFM0007_AW_01.jpg,62
https://t1.daumcdn.net/friends/prod/product/20191129113012894_FRPBMZMFM0007_AW_02.jpg,62
https://t1.daumcdn.net/friends/prod/product/FRPBMJMND0408_AW_00.jpg,63
https://t1.daumcdn.net/friends/prod/product/FRPBMJMND0408_AW_01.jpg,63
https://t1.daumcdn.net/friends/prod/product/FRPBMJMND0408_AW_02.jpg,63
https://t1.daumcdn.net/friends/prod/product/FRPBTBMND0413_AW_00.jpg,64
https://t1.daumcdn.net/friends/prod/product/FRPBTBMND0413_AW_01.jpg,64
https://t1.daumcdn.net/friends/prod/product/FRPBTBMND0413_AW_02.jpg,64
https://t1.daumcdn.net/friends/prod/product/FRPBNEMND0412_AW_00.jpg,65
https://t1.daumcdn.net/friends/prod/product/FRPBNEMND0412_AW_01.jpg,65
https://t1.daumcdn.net/friends/prod/product/FRPBNEMND0412_AW_02.jpg,65
https://t1.daumcdn.net/friends/prod/product/FRPBPDMND0411_AW_00.jpg,66
https://t1.daumcdn.net/friends/prod/product/FRPBPDMND0411_AW_01.jpg,66
https://t1.daumcdn.net/friends/prod/product/FRPBPDMND0411_AW_02.jpg,66
https://t1.daumcdn.net/friends/prod/product/FRPBJGMND0410_AW_00.jpg,67
https://t1.daumcdn.net/friends/prod/product/FRPBJGMND0410_AW_01.jpg,67
https://t1.daumcdn.net/friends/prod/product/FRPBJGMND0410_AW_02.jpg,67
https://t1.daumcdn.net/friends/prod/product/FRPBAPFLD0001_AW_00.jpg,68
https://t1.daumcdn.net/friends/prod/product/FRPBAPFLD0001_AW_01.jpg,68
https://t1.daumcdn.net/friends/prod/product/FRPBAPFLD0001_AW_02.jpg,68
https://t1.daumcdn.net/friends/prod/product/FRPBRYFMD0001_AW_00.jpg,69
https://t1.daumcdn.net/friends/prod/product/FRPBRYFMD0001_AW_01.jpg,69
https://t1.daumcdn.net/friends/prod/product/FRPBRYFMD0001_AW_02.jpg,69
https://t1.daumcdn.net/friends/prod/product/FRPBTBFMD0001_AW_00.jpg,70
https://t1.daumcdn.net/friends/prod/product/FRPBTBFMD0001_AW_01.jpg,70
https://t1.daumcdn.net/friends/prod/product/FRPBTBFMD0001_AW_02.jpg,70
https://t1.daumcdn.net/friends/prod/product/FRPBNOSDF8126_AW_00.jpg,71
https://t1.daumcdn.net/friends/prod/product/FRPBNOSDF8126_AW_01.jpg,71
https://t1.daumcdn.net/friends/prod/product/FRPBNOSDF8126_AW_02.jpg,71
https://t1.daumcdn.net/friends/prod/product/FRPBAPMPT0001_AW_00.jpg,72
https://t1.daumcdn.net/friends/prod/product/FRPBAPMPT0001_AW_01.jpg,72
https://t1.daumcdn.net/friends/prod/product/FRPBAPMPT0001_AW_02.jpg,72
https://t1.daumcdn.net/friends/prod/product/FRPBFRFPS0002_AW_00.jpg,73
https://t1.daumcdn.net/friends/prod/product/FRPBFRFPS0002_AW_01.jpg,73
https://t1.daumcdn.net/friends/prod/product/FRPBFRFPS0001_AW_00.jpg,74
https://t1.daumcdn.net/friends/prod/product/FRPBFRFPS0001_AW_01.jpg,74
https://t1.daumcdn.net/friends/prod/product/FRPBRYRMP0001_AW_00.jpg,75
https://t1.daumcdn.net/friends/prod/product/FRPBRYRMP0001_AW_01.jpg,75
https://t1.daumcdn.net/friends/prod/product/FRPBRYRMP0001_AW_03.jpg,75
https://t1.daumcdn.net/friends/prod/product/FRPBFRSMP0001_AW_00.jpg,76
https://t1.daumcdn.net/friends/prod/product/FRPBFRSMP0001_AW_01.jpg,76
https://t1.daumcdn.net/friends/prod/product/FRPBFRSMP0001_AW_02.jpg,76
https://t1.daumcdn.net/friends/prod/product/FRPBJGSMP0006_AW_00.jpg,77
https://t1.daumcdn.net/friends/prod/product/FRPBJGSMP0006_AW_01.jpg,77
https://t1.daumcdn.net/friends/prod/product/FRPBJGSMP0006_AW_02.jpg,77
https://t1.daumcdn.net/friends/prod/product/FRPBTBSMP0005_AW_00.jpg,78
https://t1.daumcdn.net/friends/prod/product/FRPBTBSMP0005_AW_01.jpg,78
https://t1.daumcdn.net/friends/prod/product/FRPBTBSMP0005_AW_02.jpg,78
https://t1.daumcdn.net/friends/prod/product/FRPBNESMP0004_AW_00.jpg,79
https://t1.daumcdn.net/friends/prod/product/FRPBNESMP0004_AW_01.jpg,79
https://t1.daumcdn.net/friends/prod/product/FRPBNESMP0004_AW_02.jpg,79
https://t1.daumcdn.net/friends/prod/product/FRPBMZSMP0003_AW_00.jpg,80
https://t1.daumcdn.net/friends/prod/product/FRPBMZSMP0003_AW_01.jpg,80
https://t1.daumcdn.net/friends/prod/product/FRPBMZSMP0003_AW_02.jpg,80
https://t1.daumcdn.net/friends/prod/product/FRPBTBMND0388_AW_00_.jpg,81
https://t1.daumcdn.net/friends/prod/product/FRPBTBMND0388_AW_01.jpg,81
https://t1.daumcdn.net/friends/prod/product/FRPBPRMND0386_AW_00.jpg,82
https://t1.daumcdn.net/friends/prod/product/FRPBPRMND0386_AW_01_A.jpg,82
https://t1.daumcdn.net/friends/prod/product/FRPBJGMND0385_AW_00.jpg,83
https://t1.daumcdn.net/friends/prod/product/FRPBJGMND0385_AW_01.jpg,83
https://t1.daumcdn.net/friends/prod/product/FRPBNO15D0430_AW_00.jpg,84
https://t1.daumcdn.net/friends/prod/product/FRPBNO15D0430_AW_01.jpg,84
https://t1.daumcdn.net/friends/prod/product/FRPBNO15D0430_AW_02.jpg,84
https://t1.daumcdn.net/friends/prod/product/FRPBJG15D0430_AW_00.jpg,85
https://t1.daumcdn.net/friends/prod/product/FRPBJG15D0430_AW_01.jpg,85
https://t1.daumcdn.net/friends/prod/product/FRPBJG15D0430_AW_02.jpg,85
https://t1.daumcdn.net/friends/prod/product/20200423171823834_8809681708715_AW_00.jpg,94
https://t1.daumcdn.net/friends/prod/product/20200423171823977_8809681708715_AW_01.jpg,94
https://t1.daumcdn.net/friends/prod/product/20200423171824021_8809681708715_AW_02.jpg,94
https://t1.daumcdn.net/friends/prod/product/20200423171802172_8809681708722_AW_00.jpg,95
https://t1.daumcdn.net/friends/prod/product/20200423171802204_8809681708722_AW_01.jpg,95
https://t1.daumcdn.net/friends/prod/product/20200423171802249_8809681708722_AW_02.jpg,95
https://t1.daumcdn.net/friends/prod/product/20200423172106249_8809681708777_AW_00.jpg,96
https://t1.daumcdn.net/friends/prod/product/20200423172106311_8809681708777_AW_01.jpg,96
https://t1.daumcdn.net/friends/prod/product/20200423172106451_8809681708777_AW_02.jpg,96
https://t1.daumcdn.net/friends/prod/product/20200423171418704_8809681708760_AW_00.jpg,97
https://t1.daumcdn.net/friends/prod/product/20200423171418847_8809681708760_AW_01.jpg,97
https://t1.daumcdn.net/friends/prod/product/20200423171418892_8809681708760_AW_02.jpg,97
https://t1.daumcdn.net/friends/prod/product/20200423171741400_8809681708739_AW_00.jpg,98
https://t1.daumcdn.net/friends/prod/product/20200423171741452_8809681708739_AW_01.jpg,98
https://t1.daumcdn.net/friends/prod/product/20200423171741512_8809681708739_AW_02.jpg,98
https://t1.daumcdn.net/friends/prod/product/20200423171448058_8809681708753_AW_00.jpg,99
https://t1.daumcdn.net/friends/prod/product/20200423171448136_8809681708753_AW_01.jpg,99
https://t1.daumcdn.net/friends/prod/product/20200423171448357_8809681708753_AW_02.jpg,99
https://t1.daumcdn.net/friends/prod/product/20200423171233433_8809681708784_AW_00.jpg,101
https://t1.daumcdn.net/friends/prod/product/20200423171233473_8809681708784_AW_01.jpg,101
https://t1.daumcdn.net/friends/prod/product/20200423171233636_8809681708784_AW_02.jpg,101
https://t1.daumcdn.net/friends/prod/product/20200420152322809_8809681708586_AW_00.jpg,102
https://t1.daumcdn.net/friends/prod/product/20200420152322898_8809681708586_AW_01.jpg,102
https://t1.daumcdn.net/friends/prod/product/20200420152322943_8809681708586_AW_02.jpg,102
https://t1.daumcdn.net/friends/prod/product/20200420152539767_8809681708593_AW_00.jpg,103
https://t1.daumcdn.net/friends/prod/product/20200420152539872_8809681708593_AW_01.jpg,103
https://t1.daumcdn.net/friends/prod/product/20200420152539904_8809681708593_AW_02.jpg,103
https://t1.daumcdn.net/friends/prod/product/20200319184542299_8809681708845_AW_08.jpg,146
https://t1.daumcdn.net/friends/prod/product/20200318120700055_8809681708845_AW_00.jpg,146
https://t1.daumcdn.net/friends/prod/product/20200318120700194_8809681708845_AW_01.jpg,146
https://t1.daumcdn.net/friends/prod/product/20200319184554778_8809681708852_AW_08.jpg,147
https://t1.daumcdn.net/friends/prod/product/20200318121252405_8809681708852_AW_00.jpg,147
https://t1.daumcdn.net/friends/prod/product/20200318121252444_8809681708852_AW_01.jpg,147
https://t1.daumcdn.net/friends/prod/product/20200102182723911_8809681706049_AW_00.jpg,148
https://t1.daumcdn.net/friends/prod/product/20200102182723970_8809681706049_AW_01.jpg,148
https://t1.daumcdn.net/friends/prod/product/20200102182724070_8809681706049_AW_02.jpg,148
https://t1.daumcdn.net/friends/prod/product/20200102182656442_8809681706056_AW_00.jpg,149
https://t1.daumcdn.net/friends/prod/product/20200102182656481_8809681706056_AW_01.jpg,149
https://t1.daumcdn.net/friends/prod/product/20200102182656538_8809681706056_AW_02.jpg,149
https://t1.daumcdn.net/friends/prod/product/8809681700245_AW_00.jpg,150
https://t1.daumcdn.net/friends/prod/product/20190920142419770_8809681700245_AW_01.jpg,150
https://t1.daumcdn.net/friends/prod/product/20190920142419834_8809681700245_AW_01.jpg,150
https://t1.daumcdn.net/friends/prod/product/8809681700252_AW_00.jpg,151
https://t1.daumcdn.net/friends/prod/product/20190920142432420_8809681700252_AW_01.jpg,151
https://t1.daumcdn.net/friends/prod/product/20190920142432610_8809681700252_AW_01.jpg,151
https://t1.daumcdn.net/friends/prod/product/8809681700269_AW_00.jpg,152
https://t1.daumcdn.net/friends/prod/product/20190920142443377_8809681700269_AW_01.jpg,152
https://t1.daumcdn.net/friends/prod/product/20190920142443491_8809681700269_AW_01.jpg,152
https://t1.daumcdn.net/friends/prod/product/20191220153614378_8809681705073_AW_00.jpg,153
https://t1.daumcdn.net/friends/prod/product/20191220153614553_8809681705073_AW_01.jpg,153
https://t1.daumcdn.net/friends/prod/product/20191220153614715_8809681705073_AW_02.jpg,153
https://t1.daumcdn.net/friends/prod/product/20200424104736890_8809681709583_AW_00.jpg,86
https://t1.daumcdn.net/friends/prod/product/20200424104736957_8809681709583_AW_01.jpg,86
https://t1.daumcdn.net/friends/prod/product/20200424104737001_8809681709583_AW_02.jpg,86
https://t1.daumcdn.net/friends/prod/product/20200423183342573_8809681709576_AW_00.jpg,87
https://t1.daumcdn.net/friends/prod/product/20200423183342619_8809681709576_AW_01.jpg,87
https://t1.daumcdn.net/friends/prod/product/20200423183342699_8809681709576_AW_02.jpg,87
https://t1.daumcdn.net/friends/prod/product/20200423183322690_8809681709590_AW_00.jpg,88
https://t1.daumcdn.net/friends/prod/product/20200423183322738_8809681709590_AW_01.jpg,88
https://t1.daumcdn.net/friends/prod/product/20200423183322774_8809681709590_AW_02.jpg,88
https://t1.daumcdn.net/friends/prod/product/20200402180112711_8809681708104_AW_00.jpg,89
https://t1.daumcdn.net/friends/prod/product/20200402180112854_8809681708104_AW_01.jpg,89
https://t1.daumcdn.net/friends/prod/product/20200402180112894_8809681708104_AW_02.jpg,89
https://t1.daumcdn.net/friends/prod/product/20200129122315337_8809681706902_AW_00.jpg,91
https://t1.daumcdn.net/friends/prod/product/20200129122315481_8809681706902_AW_01.jpg,91
https://t1.daumcdn.net/friends/prod/product/20200129122315514_8809681706902_AW_02.jpg,91
https://t1.daumcdn.net/friends/prod/product/20190916152400105_8809681702898_AW_00.jpg,154
https://t1.daumcdn.net/friends/prod/product/20190916152400319_8809681702898_AW_02.jpg,154
https://t1.daumcdn.net/friends/prod/product/20190916151719105_8809681702881_AW_00.jpg,155
https://t1.daumcdn.net/friends/prod/product/20190916151719158_8809681702881_AW_02.jpg,155
https://t1.daumcdn.net/friends/prod/product/20190916152000509_8809681702850_AW_00.jpg,156
https://t1.daumcdn.net/friends/prod/product/20190916152000619_8809681702850_AW_02.jpg,156
https://t1.daumcdn.net/friends/prod/product/20190925140150669_8809656135836_AW_00.jpg,157
https://t1.daumcdn.net/friends/prod/product/20190925140150805_8809656135836_AW_01.jpg,157
https://t1.daumcdn.net/friends/prod/product/20190925140150924_8809656135836_AW_02.jpg,157
https://t1.daumcdn.net/friends/prod/product/20190925140200870_8809656135843_AW_00.jpg,158
https://t1.daumcdn.net/friends/prod/product/20190925140201216_8809656135843_AW_01.jpg,158
https://t1.daumcdn.net/friends/prod/product/20190925140201344_8809656135843_AW_02.jpg,158
https://t1.daumcdn.net/friends/prod/product/8809721500095_AW_00.jpg,90
https://t1.daumcdn.net/friends/prod/product/8809721500095_AW_01.jpg,90
https://t1.daumcdn.net/friends/prod/product/20200129121823612_8809681706629_AW_00.jpg,92
https://t1.daumcdn.net/friends/prod/product/20200129121823660_8809681706629_AW_01.jpg,92
https://t1.daumcdn.net/friends/prod/product/20200129121823960_8809681706629_AW_02.jpg,92
https://t1.daumcdn.net/friends/prod/product/20200129122243402_8809681706933_AW_00.jpg,93
https://t1.daumcdn.net/friends/prod/product/20200129122243434_8809681706933_AW_01.jpg,93
https://t1.daumcdn.net/friends/prod/product/20200129122243471_8809681706933_AW_02.jpg,93
https://t1.daumcdn.net/friends/prod/product/20200129122215550_8809681707770_AW_00.jpg,159
https://t1.daumcdn.net/friends/prod/product/20200129122215644_8809681707770_AW_01.jpg,159
https://t1.daumcdn.net/friends/prod/product/20200129122215686_8809681707770_AW_02.jpg,159
https://t1.daumcdn.net/friends/prod/product/20200129121737534_8809681706636_AW_00.jpg,160
https://t1.daumcdn.net/friends/prod/product/20200129121737662_8809681706636_AW_01.jpg,160
https://t1.daumcdn.net/friends/prod/product/20200129121737699_8809681706636_AW_02.jpg,160
https://t1.daumcdn.net/friends/prod/product/20200129122141972_8809681705646_AW_00.jpg,161
https://t1.daumcdn.net/friends/prod/product/20200129122142035_8809681705646_AW_01.jpg,161
https://t1.daumcdn.net/friends/prod/product/20200129122142065_8809681705646_AW_02.jpg,161
https://t1.daumcdn.net/friends/prod/product/20200129121957974_8809681706919_AW_00.jpg,162
https://t1.daumcdn.net/friends/prod/product/20200129121958012_8809681706919_AW_01.jpg,162
https://t1.daumcdn.net/friends/prod/product/20200129121958049_8809681706919_AW_02.jpg,162
https://t1.daumcdn.net/friends/prod/product/8809681706995_AW_00.jpg,110
https://t1.daumcdn.net/friends/prod/product/8809681706995_AW_01.jpg,110
https://t1.daumcdn.net/friends/prod/product/8809681706995_AW_02.jpg,110
https://t1.daumcdn.net/friends/prod/product/8809681707008_AW_00.jpg,111
https://t1.daumcdn.net/friends/prod/product/8809681707008_AW_01.jpg,111
https://t1.daumcdn.net/friends/prod/product/8809681707008_AW_02.jpg,111
https://t1.daumcdn.net/friends/prod/product/8809681707015_AW_00.jpg,163
https://t1.daumcdn.net/friends/prod/product/8809681707015_AW_01.jpg,163
https://t1.daumcdn.net/friends/prod/product/8809681707015_AW_02.jpg,163
https://t1.daumcdn.net/friends/prod/product/20200331164208878_8809681706858_AW_00.jpg,164
https://t1.daumcdn.net/friends/prod/product/20200331164208921_8809681706858_AW_01.jpg,164
https://t1.daumcdn.net/friends/prod/product/20200331164440119_8809681706865_AW_00.jpg,165
https://t1.daumcdn.net/friends/prod/product/20200331164440177_8809681706865_AW_01.jpg,165
https://t1.daumcdn.net/friends/prod/product/20200331164623251_8809681706872_AW_00.jpg,166
https://t1.daumcdn.net/friends/prod/product/20200331164623334_8809681706872_AW_01.jpg,166
https://t1.daumcdn.net/friends/prod/product/20200331164710886_8809681706889_AW_00.jpg,167
https://t1.daumcdn.net/friends/prod/product/20200331164710974_8809681706889_AW_01.jpg,167
https://t1.daumcdn.net/friends/prod/product/20200331164738031_8809681706896_AW_00.jpg,168
https://t1.daumcdn.net/friends/prod/product/20200331164738072_8809681706896_AW_01.jpg,168
https://t1.daumcdn.net/friends/prod/product/20200331164828807_8809681706742_AW_00.jpg,169
https://t1.daumcdn.net/friends/prod/product/20200331164828871_8809681706742_AW_01.jpg,169
https://t1.daumcdn.net/friends/prod/product/20200331164828906_8809681706742_AW_02.jpg,169
https://t1.daumcdn.net/friends/prod/product/20200331164922099_8809681706759_AW_00.jpg,170
https://t1.daumcdn.net/friends/prod/product/20200331164922248_8809681706759_AW_01.jpg,170
https://t1.daumcdn.net/friends/prod/product/20200331164922304_8809681706759_AW_02.jpg,170
https://t1.daumcdn.net/friends/prod/product/20200331164955431_8809681706766_AW_00.jpg,171
https://t1.daumcdn.net/friends/prod/product/20200331164955585_8809681706766_AW_01.jpg,171
https://t1.daumcdn.net/friends/prod/product/20200331164955629_8809681706766_AW_02.jpg,171
https://t1.daumcdn.net/friends/prod/product/20200331165100008_8809681706773_AW_00.jpg,172
https://t1.daumcdn.net/friends/prod/product/20200331165100046_8809681706773_AW_01.jpg,172
https://t1.daumcdn.net/friends/prod/product/20200331165100081_8809681706773_AW_02.jpg,172
https://t1.daumcdn.net/friends/prod/product/20200331165133015_8809681706780_AW_00.jpg,173
https://t1.daumcdn.net/friends/prod/product/20200331165133056_8809681706780_AW_01.jpg,173
https://t1.daumcdn.net/friends/prod/product/20200331165133092_8809681706780_AW_02.jpg,173
https://t1.daumcdn.net/friends/prod/product/20200413170151375_8809721500002_AW_01.jpg,174
https://t1.daumcdn.net/friends/prod/product/20200413170151308_8809721500002_AW_00.jpg,174
https://t1.daumcdn.net/friends/prod/product/20200413170151416_8809721500002_AW_02.jpg,174
https://t1.daumcdn.net/friends/prod/product/20200413170340131_8809721500019_AW_01.jpg,175
https://t1.daumcdn.net/friends/prod/product/20200413170340029_8809721500019_AW_00.jpg,175
https://t1.daumcdn.net/friends/prod/product/20200413170340167_8809721500019_AW_02.jpg,175
https://t1.daumcdn.net/friends/prod/product/20200413170715467_8809721500033_AW_00_(1).jpg,176
https://t1.daumcdn.net/friends/prod/product/20200413170715516_8809721500033_AW_01_(1).jpg,176
https://t1.daumcdn.net/friends/prod/product/20200413170715640_8809721500033_AW_02_(1).jpg,176
https://t1.daumcdn.net/friends/prod/product/20200413170533783_8809721500033_AW_00.jpg,177
https://t1.daumcdn.net/friends/prod/product/20200413170533833_8809721500033_AW_01.jpg,177
https://t1.daumcdn.net/friends/prod/product/20200413170533973_8809721500033_AW_02.jpg,177
https://t1.daumcdn.net/friends/prod/product/20191106121824370_8809656130169_AW_00.jpg,178
https://t1.daumcdn.net/friends/prod/product/20191211170053104_8809656130169_AW_01.jpg,178
https://t1.daumcdn.net/friends/prod/product/20191227143445345_8809681705264_AW_00.jpg,179
https://t1.daumcdn.net/friends/prod/product/20191227143445411_8809681705264_AW_01.jpg,179
https://t1.daumcdn.net/friends/prod/product/20191227143230795_8809681705288_AW_00.jpg,180
https://t1.daumcdn.net/friends/prod/product/20191227143230854_8809681705288_AW_01.jpg,180
https://t1.daumcdn.net/friends/prod/product/20191227143153673_8809681705295_AW_00.jpg,181
https://t1.daumcdn.net/friends/prod/product/20191227143153750_8809681705295_AW_01.jpg,181
https://t1.daumcdn.net/friends/prod/product/20191227143153784_8809681705295_AW_02.jpg,181
https://t1.daumcdn.net/friends/prod/product/20191227143120517_8809681705301_AW_00.jpg,182
https://t1.daumcdn.net/friends/prod/product/20191227143120576_8809681705301_AW_01.jpg,182
https://t1.daumcdn.net/friends/prod/product/20191227143120669_8809681705301_AW_02.jpg,182
https://t1.daumcdn.net/friends/prod/product/20191227181211946_8809681705240_AW_00.jpg,183
https://t1.daumcdn.net/friends/prod/product/20191227181212008_8809681705240_AW_01.jpg,183
https://t1.daumcdn.net/friends/prod/product/20191227181212048_8809681705240_AW_02.jpg,183
https://t1.daumcdn.net/friends/prod/product/20191227181324748_8809681705257_AW_00.jpg,184
https://t1.daumcdn.net/friends/prod/product/20191227181324794_8809681705257_AW_01.jpg,184
https://t1.daumcdn.net/friends/prod/product/20191227181324836_8809681705257_AW_02.jpg,184
https://t1.daumcdn.net/friends/prod/product/20200324145300036_8809681709767_AW_02.jpg,185
https://t1.daumcdn.net/friends/prod/product/20200324145300255_8809681709767_AW_00.jpg,185
https://t1.daumcdn.net/friends/prod/product/20200324145300298_8809681709767_AW_01.jpg,185
https://t1.daumcdn.net/friends/prod/product/20200324145016654_8809681709774_8809681709774_AW_02.jpg,186
https://t1.daumcdn.net/friends/prod/product/20200324145016545_8809681709774_8809681709774_AW_00.jpg,186
https://t1.daumcdn.net/friends/prod/product/20200324145016626_8809681709774_8809681709774_AW_01.jpg,186
https://t1.daumcdn.net/friends/prod/product/20200402140305119_8809721500088_AW_00.jpg,187
https://t1.daumcdn.net/friends/prod/product/20200402140305170_8809721500088_AW_01.jpg,187
https://t1.daumcdn.net/friends/prod/product/20200402140305275_8809721500088_AW_02.jpg,187
https://t1.daumcdn.net/friends/prod/product/20200323142302782_8809681702256_AW_02.jpg,188
https://t1.daumcdn.net/friends/prod/product/20200213105318939_8809681702256_AW_00.jpg,188
https://t1.daumcdn.net/friends/prod/product/20200213105319111_8809681702256_AW_01.jpg,188
https://t1.daumcdn.net/friends/prod/product/20200325115521226_8809681702232_AW_00.jpg,189
https://t1.daumcdn.net/friends/prod/product/20200325115521409_8809681702232_AW_01.jpg,189
https://t1.daumcdn.net/friends/prod/product/20200325115521446_8809681702232_AW_02.jpg,189
https://t1.daumcdn.net/friends/prod/product/20200325115536348_8809681702249_AW_00.jpg,190
https://t1.daumcdn.net/friends/prod/product/20200325115536484_8809681702249_AW_01.jpg,190
https://t1.daumcdn.net/friends/prod/product/20200325115536540_8809681702249_AW_02.jpg,190
https://t1.daumcdn.net/friends/prod/product/20200325115714799_8801073212282_AW_00.jpg,191
https://t1.daumcdn.net/friends/prod/product/20200325115714952_8801073212282_AW_01.jpg,191
https://t1.daumcdn.net/friends/prod/product/20200325115714998_8801073212282_AW_02.jpg,191
https://t1.daumcdn.net/friends/prod/product/20200325115738669_8801073212299_AW_00.jpg,192
https://t1.daumcdn.net/friends/prod/product/20200325115738811_8801073212299_AW_01.jpg,192
https://t1.daumcdn.net/friends/prod/product/20200325115738856_8801073212299_AW_02.jpg,192
https://t1.daumcdn.net/friends/prod/product/20200427161522788_8809681709392_AW_00.jpg,200
https://t1.daumcdn.net/friends/prod/product/20200427161522929_8809681709392_AW_01.jpg,200
https://t1.daumcdn.net/friends/prod/product/20200427161523232_8809681709392_AW_02.jpg,200
https://t1.daumcdn.net/friends/prod/product/20200427161535857_8809681709408_AW_00.jpg,201
https://t1.daumcdn.net/friends/prod/product/20200427161536003_8809681709408_AW_01.jpg,201
https://t1.daumcdn.net/friends/prod/product/20200427161536166_8809681709408_AW_02.jpg,201
https://t1.daumcdn.net/friends/prod/product/20200423175347667_8809681708210_AW_00.jpg,202
https://t1.daumcdn.net/friends/prod/product/20200423175347716_8809681708210_AW_01.jpg,202
https://t1.daumcdn.net/friends/prod/product/20200423175513303_8809681708227_AW_00.jpg,203
https://t1.daumcdn.net/friends/prod/product/20200423175513390_8809681708227_AW_01.jpg,203
https://t1.daumcdn.net/friends/prod/product/20200423175612518_8809681708234_AW_00.jpg,204
https://t1.daumcdn.net/friends/prod/product/20200423175612661_8809681708234_AW_01.jpg,204
https://t1.daumcdn.net/friends/prod/product/20200428160343086_8809681709101_AW_00.jpg,205
https://t1.daumcdn.net/friends/prod/product/20200428160343222_8809681709101_AW_01.jpg,205
https://t1.daumcdn.net/friends/prod/product/20200427164625448_8809681709118_AW_00.jpg,206
https://t1.daumcdn.net/friends/prod/product/20200427164625533_8809681709118_AW_01.jpg,206
https://t1.daumcdn.net/friends/prod/product/20200427164747899_8809681709125_AW_00.jpg,207
https://t1.daumcdn.net/friends/prod/product/20200427164748010_8809681709125_AW_01.jpg,207
https://t1.daumcdn.net/friends/prod/product/20200420151623960_8809681709606_AW_00.jpg,104
https://t1.daumcdn.net/friends/prod/product/20200420151624001_8809681709606_AW_01.jpg,104
https://t1.daumcdn.net/friends/prod/product/20200420151624041_8809681709606_AW_02.jpg,104
https://t1.daumcdn.net/friends/prod/product/20200421183835566_8801051079951_AW_02.jpg,105
https://t1.daumcdn.net/friends/prod/product/20200421185328839_8801051079951_AW_01_(1).jpg,105
https://t1.daumcdn.net/friends/prod/product/20200420150113085_8801051079951_AW_01.jpg,105
https://t1.daumcdn.net/friends/prod/product/20200421183952802_8801051079968_AW_02.jpg,106
https://t1.daumcdn.net/friends/prod/product/20200421185356017_8801051079968_AW_0(2).jpg,106
https://t1.daumcdn.net/friends/prod/product/20200421181722233_8801051079968_AW_03.jpg,106
https://t1.daumcdn.net/friends/prod/product/20200421184016114_8801051079975_AW_02.jpg,107
https://t1.daumcdn.net/friends/prod/product/20200421185420356_8801051079975_AW_01_(1).jpg,107
https://t1.daumcdn.net/friends/prod/product/20200420150528388_8801051079975_AW_01.jpg,107
https://t1.daumcdn.net/friends/prod/product/20200421184037057_8801051079982_AW_04.jpg,108
https://t1.daumcdn.net/friends/prod/product/20200421185445004_8801051079982_AW_01_(1).jpg,108
https://t1.daumcdn.net/friends/prod/product/20200420150837078_8801051079982_AW_01.jpg,108
https://t1.daumcdn.net/friends/prod/product/20191001132844226_8809656135799_AW_00_1.jpg,115
https://t1.daumcdn.net/friends/prod/product/20191001132844517_8809656135799_AW_01_1.jpg,115
https://t1.daumcdn.net/friends/prod/product/20191001132844619_8809656135799_AW_02_1.jpg,115
https://t1.daumcdn.net/friends/prod/product/20191011150611779_8809681701860_AW_00.jpg,209
https://t1.daumcdn.net/friends/prod/product/20191011150611999_8809681701860_AW_01.jpg,209
https://t1.daumcdn.net/friends/prod/product/20191011150612057_8809681701860_AW_02.jpg,209
https://t1.daumcdn.net/friends/prod/product/FRPBNOSDF8300_AW_00.jpg,208
https://t1.daumcdn.net/friends/prod/product/FRPBNOSDF8300_AW_01.jpg,208
https://t1.daumcdn.net/friends/prod/product/FRPBNOSDF8300_AW_02.jpg,208
https://t1.daumcdn.net/friends/prod/product/20191001132857752_8809656135782_AW_00_1.jpg,114
https://t1.daumcdn.net/friends/prod/product/20191001132858059_8809656135782_AW_01_1.jpg,114
https://t1.daumcdn.net/friends/prod/product/20191001132858296_8809656135782_AW_02_1.jpg,114
https://t1.daumcdn.net/friends/prod/product/20190925152843764_8809641467386_AW_00.jpg,116
https://t1.daumcdn.net/friends/prod/product/20190925152844088_8809641467386_AW_01.jpg,116
https://t1.daumcdn.net/friends/prod/product/20190925152852739_8809641467393_AW_00.jpg,117
https://t1.daumcdn.net/friends/prod/product/20190925152853138_8809641467393_AW_01.jpg,117
https://t1.daumcdn.net/friends/prod/product/20190925152902128_8809641467409_AW_00.jpg,118
https://t1.daumcdn.net/friends/prod/product/20190925152902370_8809641467409_AW_01.jpg,118
https://t1.daumcdn.net/friends/prod/product/20200417110857076_8809656138325_AW_00.jpg,119
https://t1.daumcdn.net/friends/prod/product/20190925143556979_8809656138325_AW_01.jpg,119
https://t1.daumcdn.net/friends/prod/product/20190925143557160_8809656138325_AW_02.jpg,119
https://t1.daumcdn.net/friends/prod/product/20200417110927827_8809656138332_AW_00.jpg,120
https://t1.daumcdn.net/friends/prod/product/20190925143548215_8809656138332_AW_01.jpg,120
https://t1.daumcdn.net/friends/prod/product/20190925143548314_8809656138332_AW_02.jpg,120
https://t1.daumcdn.net/friends/prod/product/8809641465320_AW_00.jpg,123
https://t1.daumcdn.net/friends/prod/product/8809641465320_AW_01.jpg,123
https://t1.daumcdn.net/friends/prod/product/8809641465320_AW_02.jpg,123
https://t1.daumcdn.net/friends/prod/product/8809641465337_AW_00.jpg,124
https://t1.daumcdn.net/friends/prod/product/8809641465337_AW_01.jpg,124
https://t1.daumcdn.net/friends/prod/product/8809641465337_AW_02.jpg,124
https://t1.daumcdn.net/friends/prod/product/FRPBRYSMD8400_AW_00.jpg,125
https://t1.daumcdn.net/friends/prod/product/20191030154738599_FRPBRYSMD8400_AW_01.jpg,125
https://t1.daumcdn.net/friends/prod/product/FRPBRYSMD8400_AW_02.jpg,125
https://t1.daumcdn.net/friends/prod/product/FRPBAPSMD8400_AW_00.jpg,126
https://t1.daumcdn.net/friends/prod/product/20191030154751350_FRPBAPSMD8400_AW_01.jpg,126
https://t1.daumcdn.net/friends/prod/product/FRPBAPSMD8400_AW_02.jpg,126
https://t1.daumcdn.net/friends/prod/product/20191030155120180_FRPBAPVBT8100_AW_00.jpg,127
https://t1.daumcdn.net/friends/prod/product/20191030155120222_FRPBAPVBT8100_AW_01.jpg,127
https://t1.daumcdn.net/friends/prod/product/20191030155120313_FRPBAPVBT8100_AW_02.jpg,127
https://t1.daumcdn.net/friends/prod/product/FRPBAPCAR8401_AW_00.jpg,128
https://t1.daumcdn.net/friends/prod/product/FRPBAPCAR8401_AW_01.jpg,128
https://t1.daumcdn.net/friends/prod/product/FRPBAPCAR8401_AW_02.jpg,128
https://t1.daumcdn.net/friends/prod/product/FRPBRYCBL8401_AW_00.jpg,129
https://t1.daumcdn.net/friends/prod/product/FRPBRYCBL8401_AW_01.jpg,129
https://t1.daumcdn.net/friends/prod/product/FRPBRYCBL8401_AW_02.jpg,129
https://t1.daumcdn.net/friends/prod/product/FRPBAPCBL8401_AW_00.jpg,130
https://t1.daumcdn.net/friends/prod/product/FRPBAPCBL8401_AW_01.jpg,130
https://t1.daumcdn.net/friends/prod/product/FRPBAPCBL8401_AW_02.jpg,130
https://t1.daumcdn.net/friends/prod/product/8809656134273_AW_00.jpg,121
https://t1.daumcdn.net/friends/prod/product/8809656134273_AW_01.jpg,121
https://t1.daumcdn.net/friends/prod/product/8809656134273_AW_02.jpg,121
https://t1.daumcdn.net/friends/prod/product/8809656134297_AW_00.jpg,122
https://t1.daumcdn.net/friends/prod/product/8809656134297_AW_01.jpg,122
https://t1.daumcdn.net/friends/prod/product/8809656134297_AW_02.jpg,122
https://t1.daumcdn.net/friends/prod/product/FRPBMZCBH8100_AW_00.jpg,132
https://t1.daumcdn.net/friends/prod/product/FRPBMZCBH8100_AW_01.jpg,132
https://t1.daumcdn.net/friends/prod/product/FRPBMZCBH8100_AW_02.jpg,132
https://t1.daumcdn.net/friends/prod/product/20190925142348500_8809641463814_AW_00.jpg,133
https://t1.daumcdn.net/friends/prod/product/20190925142348700_8809641463814_AW_01.jpg,133
https://t1.daumcdn.net/friends/prod/product/20190925142348790_8809641463814_AW_02.jpg,133
https://t1.daumcdn.net/friends/prod/product/20190925142437264_8809641463838_AW_00.jpg,134
https://t1.daumcdn.net/friends/prod/product/20190925142437407_8809641463838_AW_01.jpg,134
https://t1.daumcdn.net/friends/prod/product/20190925142614815_8809641465153_AW_00.jpg,135
https://t1.daumcdn.net/friends/prod/product/20190925142614981_8809641465153_AW_01.jpg,135
https://t1.daumcdn.net/friends/prod/product/20190925142638038_8809641465191_AW_00.jpg,136
https://t1.daumcdn.net/friends/prod/product/20190925142638284_8809641465191_AW_01.jpg,136
https://t1.daumcdn.net/friends/prod/product/20190925154343717_8809641465245_AW_00.jpg,137
https://t1.daumcdn.net/friends/prod/product/20190925154343916_8809641465245_AW_01.jpg,137
https://t1.daumcdn.net/friends/prod/product/20190925154353350_8809641465276_AW_00.jpg,138
https://t1.daumcdn.net/friends/prod/product/20190925154353482_8809641465276_AW_01.jpg,138
https://t1.daumcdn.net/friends/prod/product/20190925154402146_8809641465306_AW_00.jpg,139
https://t1.daumcdn.net/friends/prod/product/20190925154402311_8809641465306_AW_01.jpg,139
https://t1.daumcdn.net/friends/prod/product/8002390971085_AW_00.jpg,140
https://t1.daumcdn.net/friends/prod/product/8002390971085_AW_01.jpg,140
https://t1.daumcdn.net/friends/prod/product/8002390971085_AW_02.jpg,140
https://t1.daumcdn.net/friends/prod/product/8002390970859_AW_00.jpg,141
https://t1.daumcdn.net/friends/prod/product/8002390970859_AW_01.jpg,141
https://t1.daumcdn.net/friends/prod/product/8002390970859_AW_02.jpg,141
https://t1.daumcdn.net/friends/prod/product/8002390971436_AW_00.jpg,142
https://t1.daumcdn.net/friends/prod/product/8002390971436_AW_01.jpg,142
https://t1.daumcdn.net/friends/prod/product/8002390971436_AW_02.jpg,142
https://t1.daumcdn.net/friends/prod/product/20191121182737861_8809656137397_AW_00.jpg,144
https://t1.daumcdn.net/friends/prod/product/20191121182737910_8809656137397_AW_01.jpg,144
https://t1.daumcdn.net/friends/prod/product/20191121182738007_8809656137397_AW_02.jpg,144
https://t1.daumcdn.net/friends/prod/product/20191030151957507_8809641468789_AW_00.jpg,145
https://t1.daumcdn.net/friends/prod/product/20191030151957655_8809641468789_AW_01.jpg,145
https://t1.daumcdn.net/friends/prod/product/20191030151957725_8809641468789_AW_02.jpg,145
https://t1.daumcdn.net/friends/prod/product/20200429105243316_8809681709088_AW_00.jpg,219
https://t1.daumcdn.net/friends/prod/product/20200429105243474_8809681709088_AW_01.jpg,219
https://t1.daumcdn.net/friends/prod/product/20200423175024262_8809681709484_AW_00.jpg,215
https://t1.daumcdn.net/friends/prod/product/20200423175024319_8809681709484_AW_01.jpg,215
https://t1.daumcdn.net/friends/prod/product/20200423175024364_8809681709484_AW_02.jpg,215
https://t1.daumcdn.net/friends/prod/product/20200423174925842_8809681709453_AW_00.jpg,210
https://t1.daumcdn.net/friends/prod/product/20200423174925888_8809681709453_AW_01.jpg,210
https://t1.daumcdn.net/friends/prod/product/20200423174925931_8809681709453_AW_02.jpg,210
https://t1.daumcdn.net/friends/prod/product/20200424164044645_8809681708654_AW_00.jpg,214
https://t1.daumcdn.net/friends/prod/product/20200424164044559_8809681708654_AW_01.jpg,214
https://t1.daumcdn.net/friends/prod/product/20200424164044606_8809681708654_AW_02.jpg,214
https://t1.daumcdn.net/friends/prod/product/20200424163034684_8809681709156_AW_00.jpg,211
https://t1.daumcdn.net/friends/prod/product/20200424163034738_8809681709156_AW_01.jpg,211
https://t1.daumcdn.net/friends/prod/product/20200424163451032_8809681709163_AW_00.jpg,217
https://t1.daumcdn.net/friends/prod/product/20200424163451190_8809681709163_AW_01.jpg,217
https://t1.daumcdn.net/friends/prod/product/20200424163144914_8809681709170_AW_00.jpg,218
https://t1.daumcdn.net/friends/prod/product/20200424163144949_8809681709170_AW_01.jpg,218
https://t1.daumcdn.net/friends/prod/product/20200424163429532_8809681709194_AW_01.jpg,213
https://t1.daumcdn.net/friends/prod/product/20200424163429571_8809681709194_AW_00.jpg,213
https://t1.daumcdn.net/friends/prod/product/20200424163326627_8809681709224_AW_00.jpg,216
https://t1.daumcdn.net/friends/prod/product/20200424163326672_8809681709224_AW_01.jpg,216
https://t1.daumcdn.net/friends/prod/product/20200427170208007_8809721500682_AW_00.jpg,212
https://t1.daumcdn.net/friends/prod/product/20200427170208045_8809721500682_AW_01.jpg,212
https://t1.daumcdn.net/friends/prod/product/20200427170208074_8809721500682_AW_02.jpg,212
